feature_1,feature_2,target
5.567779521837457,5.556258350124263,1
12.791007453214343,12.289954616630565,1
15.36618347454434,14.374198056305092,1
6.299050342089748,19.8008816125135,2
5.293176650256591,21.001655121441438,2
13.081722513831938,12.654723456850915,2
11.46574937327181,16.05421659513926,2
4.562015438264259,6.692704334954471,1
18.891673249565663,4.6243243786058015,2
11.833045082206178,12.518744693525335,1
5.807202886378395,6.075440226183008,1
6.685238400262997,19.593956888883852,2
8.510158937909562,11.310355926967599,2
12.157370335333939,15.252799967546848,2
7.4087326827932785,18.811124815288096,2
12.444754109408668,12.383857049145353,1
14.361857369839367,6.520365311009046,2
6.246851887588213,18.21543607351677,2
14.664898848923826,13.147270222243513,1
17.37478207139732,4.883425285395798,2
13.622481448396016,7.78728966241302,2
6.686700394866429,6.306464016644371,1
10.276022208384568,15.514192426370299,2
20.543231273970612,3.72567720583735,2
5.714012705525979,4.811510775604283,1
7.776620158681455,15.156080967585098,2
14.003475108828283,13.254254458926082,1
5.099496153529013,3.8765158552873977,1
9.398232437899287,8.465993212347742,1
15.569270810531023,7.893485353572046,2
14.543454773713496,10.048027818450521,2
14.720641052108512,6.937166866808024,2
3.147875032707306,20.65230841483412,2
13.643926735816402,14.64906972296937,1
18.591220437670177,2.89295286369021,2
10.623932695474915,11.968177908051619,1
7.1203704008065625,8.758090716410026,1
6.859873655142554,5.952206551530211,1
8.379411719563922,13.976912314923153,2
15.198291059539805,14.145205802484536,1
6.846019734202061,18.3356423256892,2
7.158155051776795,17.558202729409246,2
16.82301668612707,16.48428547758568,1
11.31803985174825,16.51438000473471,2
11.150911689927035,9.542633902546076,1
7.382508598973853,6.829395624634234,1
4.5221826823117555,20.61490185893433,2
18.5573699091533,5.861704512211857,2
11.03964806637826,8.834945657976412,1
12.375583161979788,9.606005144954546,2
8.36061518516025,8.405306541288892,1
15.011723205811766,16.423223856757897,1
7.664532921437968,7.970854687697552,1
9.625541437069282,7.23241602429324,1
10.825429475827109,12.397260714332074,1
6.372648309060551,8.116162110383648,1
7.916959756631682,6.595886159550432,1
2.9293013971052293,18.134194033643734,2
16.045115446791222,10.173060308305633,2
3.7815743535948894,4.7401570691514285,1
17.82124562397183,4.5755577232319755,2
9.388365272208581,17.453417943783208,2
21.634669687429817,4.873279339386006,2
12.425780068771013,13.06056911332375,1
8.643331565707992,16.013510189949702,2
17.46171183424667,3.758360502119338,2
6.966220153625002,7.0734421171147055,1
14.407329819688528,10.756674451407878,2
4.234154028806299,18.842026144787916,2
13.720054503242276,8.093898003314937,2
4.493414658982621,6.219790250173703,1
13.860032755579269,14.319275057952098,1
11.913747822519646,11.789827105579349,1
7.111006788612727,20.219654155193556,2
10.245647825111348,8.909171012521238,1
10.856048891441286,13.202235671072982,1
12.037927361254273,10.268729156243218,1
6.965575921997712,5.646949500678487,1
20.78551658118743,5.828551877764589,2
14.170678413241687,13.871047169399905,1
13.856102558762206,9.955822512438392,2
14.93120756301245,6.735245914504308,2
16.803185454001408,15.592435223983163,1
16.270474311003234,8.261775856320225,2
9.706739679212,9.072592090065537,1
10.763314795634212,9.899112579708149,1
11.732602368240283,10.849106155374661,1
4.173218511512643,21.370827103654563,2
7.5258438089911,5.263942085173615,1
12.140919002373927,9.365064331685632,1
7.648599209737804,14.641952176801327,2
5.357243245872658,3.828822785931142,1
22.711466872260537,2.1182937607818904,2
9.467463865377368,8.751712180670387,1
16.551308641417485,4.686339893796529,2
11.29796975927492,15.616942830383778,2
13.697853725255632,11.431076786218194,1
12.367882907145198,12.8106370552837,1
15.636756483428554,6.2013711626659775,2
3.4255348072439684,18.56775962889999,2
12.023682819449872,11.081380263451605,2
15.664936314439085,16.195231584751973,1
8.879257574691835,8.356707955503392,1
9.829391396118751,10.511760565324364,1
16.47921955132663,8.276650964191585,2
12.216991414750488,14.310233579288434,2
11.792836803705612,12.966377520185896,2
16.924789041861253,10.137215405824463,2
5.7982578447324675,16.587445585602996,2
18.83152266200368,7.857543016390856,2
15.350097765030014,10.729111899236091,2
11.100064928022453,8.291624977857,1
15.1545331399347,15.278974235699181,1
9.360466861282392,18.31949470759375,2
3.350570891593594,3.0118508474294003,1
20.15212096237472,3.813154559537139,2
5.808653557347512,4.313208069215621,1
7.953268895779009,8.236884822633849,1
21.71636116609047,3.8010045987585617,2
8.65505939798802,7.62329354054406,1
5.7114329016273695,16.969725580736,2
12.39977161343439,10.17262215087558,2
12.598932023669756,13.925258634987392,2
14.360257389340415,10.832238249856522,2
15.912125918738361,8.971254486742327,2
15.189226150107185,13.855218542457022,1
10.445989430952192,12.909219886333476,1
13.45875218818992,14.093062874087298,1
15.862417592085274,9.567409509872851,2
8.68853269371522,14.237156869662616,2
20.504166506035258,3.8793233519644463,2
6.301896999847424,15.640565345988705,2
15.78977008316555,15.770776615949844,1
16.23165131924329,16.814848170182138,1
7.3344837309818125,7.6069735590859455,1
8.632026764031238,14.08705444546796,2
4.202502990913939,19.51170793538152,2
5.711305939602826,4.5040708542905445,1
16.640342055775026,15.490389414210604,1
22.394640391731297,1.979205626791794,2
8.173874124594464,8.62937075163393,1
21.468739836929444,4.449645200192921,2
9.739538587436375,12.39990644664798,2
13.524546766154023,14.223160973289598,1
14.075901693771641,14.405358312158384,1
9.900371818640176,8.435942920435616,1
19.35986170257673,3.89516775521232,2
13.867560706379681,8.368796325119558,2
8.214778254507564,7.591317685667256,1
14.639221772990838,7.581911425136619,2
9.813640617829288,13.81300279467599,2
1.9820515096713436,21.146811874567945,2
9.153153805942745,10.375320864851105,1
6.162644909606954,4.15559614489424,1
12.629819105658536,7.872172282716555,2
21.085397494994726,2.003680116788969,2
11.039906441772796,10.083835724008534,2
7.561877255397363,12.496719786098009,2
7.323211213586208,14.182476620055805,2
4.185626769063742,5.517224742173018,1
17.469878520686454,10.522634576001412,2
13.98648199255709,7.093447608978886,2
15.304199050037392,14.281546963707505,1
11.619631206351237,12.141417336443354,2
7.782203446453831,9.895173629508479,1
11.672363271409171,11.016286820283804,1
17.845955348728204,9.124068678141752,2
19.07330145731531,4.264147266542101,2
10.229007320045913,14.551501285626163,2
10.88809025539782,11.168156297433004,2
5.984479743034835,19.50986299160281,2
17.60948268216471,3.466767166476023,2
18.878186220427626,8.253922444150557,2
5.926078855684359,8.39803952375257,1
11.94541368633412,11.758468384239654,2
5.672837715427696,6.600769638693322,1
6.694864715316442,5.534963775415724,1
9.485860218919969,11.244322788729063,1
6.408456664408957,7.355545867195534,1
12.199690035807443,8.394402665097317,2
20.92089564948988,5.863831264068633,2
9.877762097876536,9.204091172394467,1
12.971135147157682,13.649638094013794,1
5.109376439296782,5.7212866448049455,1
15.494994763215622,11.426956773790168,2
3.4736323494402317,18.309967056215665,2
12.710405100829313,13.139457814539488,1
15.600947108332551,13.72663461474919,1
15.649922035963744,16.236626043640268,1
21.40513499350201,1.9422802481740487,2
17.99979639487335,5.130245273639158,2
9.235369004954759,14.56828299330102,2
4.448338670038904,19.54063501454249,2
14.887383520800654,12.809865825331833,1
10.28449894788677,11.821081606040384,1
13.054633849834872,13.828178155142233,1
2.4101660337765,20.651171228841243,2
13.562555318843714,15.080603521362452,1
4.577783869998062,3.6938293803810343,1
18.486836747552978,3.013770004293807,2
2.896102929120479,20.27258820386429,2
7.298643181424785,7.8216759448667,1
8.89868986533849,8.901474506395777,1
5.206141137991932,19.04784718906705,2
4.161208482449101,4.1923802402089025,1
18.443087656547995,5.682880128367108,2
7.816442266012588,16.611052033055557,2
13.347599288423561,6.824552408578241,2
13.123785609600247,11.573176484983126,1
3.2829732012606394,3.7975750980496645,1
12.657527465922392,15.410639665099175,2
21.675205867013688,1.399410207978308,2
5.935779056517573,5.670550350487352,1
13.586137486600922,6.508721262733383,2
13.774699718361102,7.612173348876029,2
13.412402229554296,12.097685565381536,1
7.852742104932192,19.27163068051589,2
2.076545146606927,20.096572780384502,2
10.803293002380325,12.571247084252981,1
9.413939795549478,6.88973858736801,1
10.550779219118624,12.894888404767663,2
12.714276563385205,11.727549619943384,1
8.670907108274314,10.221817312525504,1
10.150999941765269,8.671500859247741,1
16.41910030142698,11.158539671775692,2
16.798503716647613,6.0521537370357805,2
10.609077754636218,11.893255443010647,1
14.135071699958708,6.566282088460062,2
8.313059244163972,13.791223836883177,2
20.962090563236565,4.324923783350593,2
11.85577151335458,11.234894390829094,1
9.537749537545164,12.296381665134259,1
10.926826763275415,11.81368840002734,1
9.619919422841225,9.640219182292723,1
7.735281667370209,8.114372305922178,1
18.448045915484222,3.952898352987912,2
6.311879565529637,8.859373581190408,1
15.734762134728943,10.200735883442464,2
19.519670577092405,7.312099680856301,2
16.743001006360313,4.920475667271498,2
11.230686648999178,11.385471627434802,1
10.258208982561026,10.115852303608019,1
10.463055422348605,8.972780900784706,1
16.2383463778676,11.166780635983732,2
11.520560208960324,9.450314085732451,1
14.422065406192502,6.418247651093408,2
6.062216654035331,6.594113088273515,1
8.805126789749176,6.520583793602002,1
6.154200786043181,19.000706872982956,2
10.649208119249746,9.982863516008127,1
10.543604004722424,10.249583336910778,1
12.402466581809287,12.842785140417824,1
8.49172253271556,12.593150208866058,2
13.00736090037455,8.410366495724336,2
14.11703750830587,11.442332869509478,2
14.104799041987514,9.676198069119941,2
19.41549808160437,6.27488382347629,2
12.226358011910746,14.57901591824276,1
14.867653157104169,12.360209902180477,2
5.520210336466699,5.9163493657965285,1
7.126815215948182,15.853744103939102,2
3.1797669256771073,2.848169096124141,1
17.568840510536475,7.734011477807787,2
6.646618730760368,6.1952104003932655,1
6.124287576090379,20.88282427730062,2
7.30047339382617,5.312743107776252,1
8.662024708646175,10.470094860651715,1
2.4280962762614724,19.493427805947086,2
5.333580034385743,17.30781013840582,2
2.3081437963661706,21.99789966573941,2
12.908864170412905,8.627178601551137,2
9.334186123971767,8.198938648420778,1
7.082849764403669,8.811086803254344,1
5.6818217377036415,16.06398263203611,2
14.68098126469584,8.99520532156044,2
6.343630692039934,16.651875366783443,2
9.875208816124644,7.787650432308097,1
5.7864775329702836,5.118335214781327,1
17.61721920807277,8.173879896887671,2
13.312948272702386,11.58701413615988,1
12.10349000932455,11.833785830368754,2
9.558964987165238,16.080823987862694,2
16.740197914618314,4.652733382019772,2
20.542741246419222,6.399529523486697,2
17.458498558942487,9.518819485059948,2
13.919302956289139,11.818472475272774,2
10.002611557213086,11.94071782593215,1
3.615598580871369,5.0559756535399965,1
10.414311917314624,7.988373209802054,1
9.378690004509902,15.453978774473384,2
7.67624817340691,8.95913463744812,1
4.35183567946184,5.297698641871831,1
4.8693986860708565,5.480302287545243,1
4.7061991293421315,3.543151285594786,1
8.743231735862732,8.760245299542836,1
2.7587885761371904,20.952789715137424,2
16.893941668101142,4.650702168805078,2
6.9464818508404855,16.913355757018316,2
14.275363046870721,9.567439188463641,2
14.55581694877133,6.572873285133213,2
11.838413629398884,13.83930488817108,1
13.232184849756067,13.056675350013295,1
10.8098545039723,11.153656391940073,2
5.4938080305127635,4.7083434743923425,1
14.466602694748964,13.377971215898325,2
13.16516320385842,13.534391909345,1
13.06390604355401,13.737471479684947,1
9.450015002935421,17.393942497406066,2
7.4622162761988875,18.76545079881874,2
18.03227648046876,6.943812804338519,2
11.65805775818168,15.150299297915128,2
12.528363716126039,14.61232161136603,1
5.2727353476467425,15.908829776744394,2
10.851373931409851,12.22770446264855,1
21.60902312649905,1.3238016886245259,2
8.267263577263568,17.716626930084924,2
21.829111902269766,2.412680606952293,2
9.989822879455676,9.76888085124833,1
6.50454284572724,4.793835867591368,1
10.68857382334642,8.271836278045308,1
16.29086256105562,11.554959929278072,2
6.305111060889306,7.956066957831206,1
4.786007187140143,6.972052260896782,1
14.2465478205546,9.155687093693253,2
9.115395083233603,14.154533222738694,2
12.419148048496018,14.342249097681057,2
15.987877897560635,11.40354291786251,2
10.420740982242599,10.966509152524083,2
9.44890629665094,12.194330662515624,2
11.380039221747584,13.936291534230731,1
5.868994965972211,18.71307985870914,2
3.773768462013672,3.363157204581439,1
4.970092376403788,5.478985897314914,1
10.935106470743824,12.600706679711063,1
4.013177964846537,4.316180582774592,1
15.943790212349638,15.854697229160937,1
9.52514739966937,8.412313076055344,1
14.029237660144489,11.686051513222205,2
12.565652679310173,13.518491112236262,1
9.85992583302165,14.76436157236254,2
6.355635882237412,8.59468084868276,1
15.745366349489153,16.250626632166195,1
17.968742782706347,3.781767771762169,2
8.165079759008355,10.461191043617392,1
14.13110713860269,7.9628876152470145,2
13.198274578143312,13.809914767865264,2
17.83337744987979,6.166227103917357,2
13.040264629339573,11.56126022867966,2
16.60197517587482,9.201656857506615,2
17.067607876059547,16.580022763345596,1
2.746794746105623,19.5063411928151,2
13.053578112832401,13.930263697510746,1
11.623098484943029,9.988029770932751,1
18.512469461156854,8.343104034956633,2
16.095778789862326,11.107030766520525,2
21.495802947481206,3.9668286628353933,2
14.259192389167618,12.81133411393154,1
13.409067767992484,7.23690838565644,2
6.8064715951575705,17.10799760472329,2
20.282411359205952,5.217850431662301,2
9.023701754284641,11.302762713804626,1
9.126648176736017,10.177862758116088,1
8.101552622829525,18.124534593576946,2
7.076733478944489,13.75813088525285,2
5.221379717538477,16.39428202559519,2
4.3981807288666595,20.797443636825207,2
11.356921204083223,15.78311379787722,2
7.219334715250898,9.491828365278767,1
8.320814845306892,8.87847240348375,1
6.035713522068972,5.693019983217309,1
10.485831352601545,11.54651344187251,2
10.151793712628416,9.594508888611097,1
9.62129796864431,8.782715529185142,1
9.5371221609541,10.501273881652594,1
8.841542647521177,16.76402077043717,2
3.5336778351565963,5.0334460131351015,1
16.828364566064657,7.365417502034608,2
17.963395718614322,8.39199660562595,2
13.318488513625478,12.52259697640225,1
13.812326054883846,6.280149566358974,2
14.779839176576894,14.419732379838173,1
19.97390360763527,7.352415012925334,2
9.438030005525222,7.838084395919108,1
19.70957621246432,5.298514301529311,2
5.4951051029570355,5.79478797635272,1
6.685156834008145,19.506559065341285,2
3.5317367365302115,18.858306974726332,2
14.974754762908443,11.493977199115907,2
18.612056075044826,9.116918358459522,2
16.321620495066885,16.360143963358865,1
10.244513598393468,12.06487127191516,1
13.79701576363041,13.531582122636317,2
6.2866564559217935,6.592088427804322,1
15.596971340004956,14.877094695248443,1
13.55281578699255,14.056368544617722,2
13.608860475823139,12.021770084669997,2
6.354989867325822,7.79107056319665,1
10.842625290701701,11.166410279997748,1
4.076440520183859,4.7765982537122,1
7.319278612702912,16.156252954459234,2
10.618703803656544,13.624097055685649,2
5.409477992838083,7.521234069426944,1
15.751793861503515,14.106153985008962,1
15.701277882283833,11.00419923403867,2
15.070831710534508,14.331878166459166,1
8.93302162059289,11.071604063974052,1
8.921796369785136,13.025893574791247,2
12.786079495773297,14.176840248936125,2
9.80759612548287,8.71847978411711,1
20.08028969612213,2.341346163144614,2
19.781405671390896,6.073115546146031,2
1.3596129319854384,21.194655306945116,2
15.741409753652752,15.136330261086101,1
8.503559882423609,12.082101573670876,2
7.363012909478498,17.875478674006622,2
10.423435978836759,9.3000477532856,1
11.798463010323278,14.284165791337774,1
3.459031991167067,3.010686491235427,1
12.708687536599694,12.16540382990085,1
5.264234034122412,4.307626805344278,1
14.427497113716326,9.85909053992624,2
6.070040038336674,7.242878459650996,1
15.59671649488893,6.105633918603777,2
3.2509393703061473,18.04830603185229,2
8.277360763823001,14.347972559019912,2
13.245800103995432,11.342704290798142,1
3.5644178978150887,3.1045251463256482,1
4.727194755406603,19.33681879885851,2
3.0049331852864842,20.090057184567073,2
6.899426393578951,8.389182864190516,1
7.935342098073896,11.978857900371356,2
15.707349649155045,7.987635952268009,2
7.727891731607787,8.874966856202391,1
21.24216745340312,4.123060767394861,2
3.791434505350532,5.375630850170519,1
4.5954862488623265,3.606684523761091,1
1.7193389820268994,21.561094606734166,2
15.647845673400674,13.765171705628788,1
10.313958288795934,14.157178983444457,2
4.515081401171616,19.751825544519782,2
10.198752886512358,7.57218316860385,1
4.8634577919739765,21.47455829836003,2
16.663133002367495,5.7421422558492194,2
8.928520783756497,8.565730077715354,1
11.084181733948235,10.085288056575243,1
9.985334124411551,14.295508012926701,2
15.710880257855639,13.699940005747326,1
17.4556807329678,5.22733759405553,2
14.30614787625742,12.05294995147442,1
2.7503813159787622,19.37524779880468,2
10.930767892578508,15.91444749976391,2
13.41035507489212,7.0737794468057755,2
18.2247239757187,8.075856662310038,2
3.1284299787580707,20.48158141671602,2
10.54737963772814,10.438105802435297,2
7.738864517886745,6.345431889211998,1
10.244017070065427,15.050890106229687,2
3.6596664939791577,17.672026343664,2
12.05132154208028,14.012833295701276,2
7.322697724476963,16.63619401790857,2
4.1685042325202515,5.425020782593165,1
8.159494875355648,9.600347212531732,1
3.671302091053162,5.467837515762484,1
7.26441960241125,8.915027152603361,1
11.396503174003842,10.773416718114348,2
3.6366752150822643,2.9254825275360847,1
9.867588375129431,11.83108439517624,1
11.027796506498431,12.644757435419606,1
10.319936335388125,8.670369883444105,1
12.115129451539554,10.95101351208581,2
5.25672236164361,5.990238261824535,1
3.4496027021206572,20.020075423919586,2
6.89774807687367,13.340635531622718,2
8.459000982920099,9.794812322771545,1
4.707446429256313,19.18733787350472,2
16.2313250456818,14.836205732396063,1
9.515711940526028,13.335613369465815,2
13.290851544623857,8.485464811649038,2
7.6067806315383315,13.93352206191227,2
9.784853857346981,17.139316925959918,2
16.530644776039537,5.469090149090657,2
15.946577925539202,10.31060756340164,2
8.0219450823034,12.241695848114357,2
4.4152789229275555,18.883982931334177,2
2.9017800717088695,3.373769222610594,1
16.775616805831742,10.589047331845245,2
10.122209704967245,10.505333180587591,1
10.266484242897771,9.609736251014086,2
2.862566225067333,20.543951183238477,2
14.608385520974513,12.403547117291993,1
5.241844146592892,7.0125283322429315,1
10.437401192622234,8.386391428291205,1
9.304568100174949,8.662902967080594,1
8.400147106140636,8.49970294304953,1
7.781556482768043,17.548375442749833,2
11.411902923607673,10.72200834596494,1
14.646668174267425,13.036260588182774,1
11.327073293867716,10.251236645315396,1
3.5557226045678236,2.968379187923192,1
8.657775524496817,7.921638849157567,1
9.865342061395738,16.419668515741368,2
20.624847603037423,4.824487794972389,2
9.36730588200703,10.821616222791691,1
6.792787629306897,7.380557255662322,1
17.00271933573081,6.125757681261212,2
17.851785938621845,8.634709318388083,2
16.669183821892414,15.529756069936347,1
18.228610503858192,6.057435221261765,2
21.03125018251326,4.953649320674476,2
8.321205850700592,11.694750116491477,2
20.53992165494708,3.514217126854893,2
14.199431374528638,13.439561921533596,1
13.429285151096154,13.418438384097051,1
15.59250745549095,8.319807300413114,2
11.992274576945196,13.728680741798225,1
12.408966377798498,12.027076700585019,2
16.57798950302546,16.907034610958895,1
16.29084647978187,16.837796689113947,1
6.115156056054798,6.080095936050898,1
10.048037833485514,9.78347054160934,1
10.798013683706714,8.143426226694974,1
13.118878404179807,13.134376618164843,1
4.701321664221331,5.580250815304126,1
14.390527283906593,15.168533161053,1
11.336596625008719,11.956635618676122,1
16.923088535387713,8.772406825465303,2
6.152461547874554,19.526920957051615,2
16.61433943333313,11.10817057122285,2
8.963957831625406,11.426951662168172,1
8.948674128199961,11.350950284087094,1
17.338596157710796,5.004157179644943,2
9.863003135514976,8.045333787146678,1
12.041851759570381,12.815521871855228,1
6.662094464424663,8.417766939550303,1
13.914806114385385,13.158105007990908,1
17.187471838419434,9.615516224766726,2
17.7967311583213,4.252080865180432,2
7.838473030937591,7.312780602006046,1
3.5511298897758756,18.511773673485173,2
9.67214536634156,9.7035532186606,1
11.267132619158764,10.804846065774733,2
13.205590940800771,10.45572088668887,2
9.152061815629336,6.650226019551513,1
6.79303319578259,13.571595498602692,2
12.281494928138043,10.472524874628276,1
11.123284461361344,8.855187635853577,1
6.960567315102823,5.753831036948179,1
6.949573388632567,6.242355531228156,1
12.51121537515244,8.435050378285725,2
12.544381644828434,12.175416433816734,1
9.32147637116745,9.556629860155885,1
5.935614634642803,8.436411111562927,1
12.033579180783711,10.511972557080753,1
6.907435136242681,16.59883539791338,2
8.136061527228428,7.030082182515271,1
8.669944084861502,10.667776185713038,1
13.70246100933704,12.294538371879561,1
8.783800830398855,10.311059996629522,1
10.076795215293707,16.43364609827773,2
7.464969803983653,17.651749393465757,2
5.800648994877434,19.2878236039224,2
3.7611933395311894,4.8428411416800685,1
14.371384448476729,7.704827323597108,2
15.415741815753247,15.156270261626661,1
10.939914964440774,15.213332423002786,2
16.029082464500938,8.391832137420812,2
8.577636501392801,10.19524849687465,1
8.518542045472222,14.840608367309613,2
9.864077027617366,11.259271502125204,2
14.13876599921936,14.244643424631473,1
11.255538695999133,11.89010624070618,1
9.277332726043761,7.791809432958027,1
22.75351925669154,1.7550249398683615,2
18.702496960215512,3.3211769319143585,2
11.495940583922732,12.827443248645206,1
7.0269038614663275,8.978374377862949,1
2.4769685810250355,20.66181755894693,2
6.200974580670891,14.679575394709481,2
11.791449493845121,14.598742267775062,2
11.133773298144021,9.353743030846761,1
8.411474021012964,7.7861940586802865,1
13.728204511564426,13.04665553537352,1
19.89299118187091,5.981357585711353,2
10.646240051858241,13.723143203501394,2
4.8358917320780295,18.834453823724402,2
14.128764910891203,13.284852959508418,2
11.92397489587507,14.239752970117145,1
9.597540453422107,11.385514918749903,1
10.369313923338748,9.553732637326267,2
9.596220231627765,17.551396166490058,2
4.388853909915471,5.323809373914923,1
3.736411643608445,19.316901393802254,2
9.771602190097177,7.225250415689141,1
6.547772382131472,20.45555207211951,2
7.661669872475892,18.77110684587787,2
6.900194988680517,5.649445511062456,1
4.865489949226734,5.234772908112502,1
7.957991360607502,17.633756965346727,2
8.272736377533798,10.482387050295229,1
15.592408777611093,15.786995363158514,1
7.819455505538603,10.090271724392347,1
7.559680504955082,10.124574457001016,1
16.08624023965315,8.16430528734757,2
5.521958240294558,4.831255650953379,1
11.768820320504316,13.024014241009642,2
14.21276146526344,6.1907968450172675,2
9.449781971463333,9.647725339670995,1
16.78886901047767,7.343086072407815,2
5.7587916820725145,18.35815786338388,2
11.697697795232445,11.068493071079493,2
10.517340772141374,12.732743488827127,1
13.182685314944077,7.283289477235397,2
13.343732789565912,12.487753127880081,2
9.611102257260027,10.848767971382303,2
5.247126904622899,17.080575975897766,2
15.09353560624276,15.546523772241695,1
4.7178381009299155,19.042554022938155,2
10.58330080043713,13.06648846589382,1
13.013648163353052,12.848204440315214,1
5.482690898926295,7.363961127052431,1
3.121632572199884,20.833277672083575,2
15.753401292637328,14.335390369999747,1
6.833775932834568,7.953545021284226,1
6.528398913547193,18.43557039992384,2
16.605368952957164,11.186535115334904,2
14.05071304955082,12.247180362043713,1
7.37095157470103,5.009973269054269,1
8.727133795472016,12.468753284001675,2
9.506620299696596,14.580223172141013,2
16.942275080120986,4.995498844404788,2
5.4901756344983275,18.31410741508823,2
14.385035141492386,7.6615716928251425,2
5.4428512787389405,7.171431375642376,1
9.786660538842858,12.22081701188566,1
9.478342462140724,7.863135652106433,1
13.129219026975752,14.070237385291584,2
19.913028346863303,6.914752907363174,2
3.877670454134881,22.03738034094845,2
10.889409694605595,9.732387711875136,2
8.069969995403483,13.089112447267,2
16.087321544334735,16.74266078490341,1
5.780234008156943,19.213024323,2
2.9804877272132106,3.489244444890148,1
4.992979112592919,17.164636713004445,2
15.278350820052871,6.84297134139935,2
5.812870471709396,16.057504015706776,2
22.332141919489565,3.3510135059952884,2
7.240902540266122,6.624021140635448,1
4.402846739500934,20.933819425773777,2
15.162315034818366,15.820848611976682,1
12.402920084420078,13.711458517612447,2
9.771701281666337,9.860828851384468,1
12.841770817664118,10.865277214757466,2
11.804590401157599,9.120324333500491,1
10.40381352470047,9.519454429854239,1
18.06381516902333,4.561361918577494,2
13.776708714434898,14.594433429527953,1
11.488870282811119,11.233053166179534,1
16.761917580432016,8.761570132642198,2
5.2650705972693075,19.30986587991051,2
13.906220631425635,7.138147289878213,2
15.166744937691531,8.07421600621013,2
4.854787074577491,6.203887006445271,1
13.90318670333381,12.980234666380726,2
13.698845113926277,10.336023356432612,2
10.693659001159887,9.964934424573954,1
11.282744544903327,9.72762487151989,2
6.031312841495615,6.984193295266985,1
9.468223841406651,11.77694724850272,1
8.645185415483859,17.581478168701352,2
21.4926355729214,1.6644523767267039,2
7.071186775875847,15.646172380266234,2
3.9244403697020616,3.2783780481828737,1
12.61333694067855,11.06072355621889,2
13.77286744016913,11.537540863888045,1
13.48125840651501,15.357433285203781,1
1.6316164515794895,21.79112464333791,2
7.3714050911855225,5.703565656241369,1
8.217715349331517,19.262839989305903,2
21.15940584261407,5.184678769293523,2
10.607337078591259,12.445843591378877,2
10.62605943808951,9.539906805777903,2
8.4525617911635,16.762248658221715,2
11.967243999217583,8.189909993852854,2
6.680791376273271,9.14494276033485,1
7.49820798680689,5.6256006917095,1
5.885060991076112,8.054109841525145,1
19.562588063297913,2.974089666755514,2
5.03459809714776,3.605886973617009,1
4.549940002134382,19.429156946010465,2
14.673795312798253,13.427380972489797,2
8.831003662875407,14.336586750118911,2
8.346044381795469,15.979480719953589,2
4.95061434916375,4.727971943818166,1
7.2754618300946845,18.21203586550873,2
6.8032524454697,6.399773485370264,1
10.151849079698797,15.728691382028678,2
10.54586077786302,10.941663885727914,1
20.631354370343544,4.143436400080857,2
13.791436118080474,12.310837751343687,2
15.949799658952863,16.335923028801155,1
11.983991053198489,13.046450095458251,1
12.020157080410522,8.356235469629944,2
12.311055925233298,10.774870779762772,1
9.00873136984821,14.078153891723547,2
1.3683523309531491,21.89622225605835,2
4.908797201152438,18.77557265693278,2
4.752359323600819,18.986290968623038,2
22.464963957244215,2.4299094640284835,2
14.881087460816957,13.474550390516468,1
9.924596779337055,16.667733970013455,2
3.5286509924018663,4.177900249346629,1
7.93343068398358,15.477753966381687,2
5.261459879113826,20.1476437194789,2
14.137345274856491,11.701086399993592,1
17.801319866623224,3.5574855326046784,2
5.746446002598182,4.044243766441526,1
13.57080194241453,12.754187119654883,1
8.12764640751899,9.74855138743544,1
14.930698285256625,12.661731423164033,2
5.441811159335274,4.305952132385352,1
2.694642097275768,21.964443370560645,2
11.19180788323035,13.30908922620191,1
7.480011235157742,16.08694802967441,2
14.288957647302642,11.897767252386817,1
8.193521816377066,18.942774444917188,2
7.582666067708445,13.472948072335392,2
12.764142176912141,9.669500565847962,2
6.60828261832269,7.166248391207204,1
15.077639654448825,13.2763273007537,1
12.238386668220805,14.027396604955015,1
14.99018059845485,13.877026505749985,1
6.438187095324476,14.252672546602092,2
10.457156250816094,10.338070147064531,1
18.366462478131986,3.292970850089967,2
12.17559298064459,14.17494736957503,2
6.191319413419444,5.1377405271267484,1
12.05004927506585,12.420666689866378,1
9.968045316823009,16.320639711577545,2
5.51610159137566,4.381931099004853,1
16.098967580113253,9.459392680971126,2
18.88359181325976,8.732330747100068,2
8.162449998767793,10.465158115369134,1
4.443200596383804,21.539225831033264,2
16.93191359563548,5.903539081707829,2
7.053732107635439,5.627285192586892,1
9.106467157489151,11.221220720285432,1
7.965588218117206,8.277306251688023,1
12.777485392931784,15.107069851874794,2
10.226517231836063,11.671201881254277,1
16.037816172304723,15.518788210713574,1
12.694112097217879,13.759479593683492,2
3.5258799470161213,4.680519211986898,1
14.200171959152973,14.581799382142751,1
11.5890688894852,9.72844350769374,1
19.439507130480877,5.093012163062878,2
3.707711615834146,4.358853469920999,1
9.210294381291694,9.40205666373398,1
3.981334402824489,3.5491519086890895,1
14.213354492338572,12.034939798634289,1
6.615593349178233,17.672642043825732,2
13.144871479935494,13.556335327477985,1
13.475711741728322,10.918116739037437,1
5.6210394385211915,15.693047800693204,2
17.10647226887769,16.832751910738654,1
7.9672348489421925,17.59513630462809,2
12.883777060651939,11.639890745581999,1
3.2695913707040773,20.90021268103483,2
6.513557205524342,14.09671842119327,2
6.8456337235245295,17.58866783322263,2
12.976616405159945,14.75788265393476,2
16.410036682699634,14.803192077064754,1
10.747836859986865,15.233509479803544,2
7.026353185426708,18.68281383047099,2
11.941578556804982,13.653178147703688,1
5.939453677812324,17.306305701515466,2
11.541045669962728,10.273179548511745,2
3.039143077728335,18.664314739195774,2
17.509480335200067,6.298798432430558,2
9.655357794962816,7.792484062719652,1
17.932163435819994,7.334533328397838,2
2.1746735744386925,20.68424155298433,2
10.521213860290583,8.563503505845183,1
11.046425768488437,13.166492382116372,1
2.864953319927805,20.23208204739692,2
18.348823333767847,4.631984386527337,2
15.806905521599877,15.869053464301526,1
14.06972287662904,14.17878120531049,1
15.400649814480191,10.193122349474521,2
4.211950601051393,3.1240498764619664,1
8.708241438236705,7.05505960962899,1
14.197986064427624,12.432204497765397,1
10.918009774147782,16.28652932558844,2
11.486388900730606,10.773906280795975,1
12.015017435401969,12.379384155505255,1
11.544143569965255,13.758946432763207,1
13.230044795540042,13.94495572030215,1
12.5850314209553,11.919435463694345,2
13.578379514679664,10.317946825170834,2
13.709506564055541,14.052447303968282,1
9.009972881324712,8.556571459325266,1
18.925413782027704,3.4641271781151453,2
6.906680378677994,16.57988679369186,2
3.5441095971776964,3.649694261878494,1
8.8640572180924,11.161079183603002,1
13.455402682416391,14.982138693710679,1
14.871788130961273,7.303269530423695,2
19.301429906105152,4.007677925428045,2
16.82505754747187,16.82714661125165,1
16.397095977946094,14.878015775885078,1
14.04124825956341,6.042010725736017,2
8.304717999440347,8.702873886918397,1
8.357265785279807,14.317562219032688,2
6.195592936442439,6.434808836984001,1
6.021015820522912,4.22264561181834,1
16.057695004108496,15.113111390983265,1
15.255048203195429,15.370300520137775,1
12.71722247117811,12.339181514338026,1
8.767652152468957,13.82706280991502,2
12.109770037694801,15.715407311085446,2
11.318403524206255,14.402489370417129,2
16.429238623873406,16.656020641917657,1
6.852743357091782,6.48702176453909,1
9.9820110284682,16.479202803143377,2
9.818266038147868,16.809180336567216,2
8.970264107079814,11.783038510147762,1
9.842774707265225,13.918408878697331,2
3.4626382273555105,4.608965592828506,1
15.975829081489128,14.163246756808093,1
4.7765792034973975,4.986499092511059,1
3.114961865397065,4.200681903500709,1
10.238485886960094,13.464294868098673,2
18.42733305114525,3.6409632987332614,2
17.547048052008442,7.760167951946602,2
5.337210001611659,6.474761839167013,1
9.27273191117446,11.716144185617596,1
9.057805266554357,8.205107705313832,1
7.240100881010954,5.491750847530799,1
5.111345369412446,18.158447714697324,2
11.612348720947786,12.880835959179741,2
6.868076574989043,4.635691880263194,1
13.574447704003024,12.808807839426716,2
13.290997633732951,11.440521156541859,1
5.6514742873159385,5.291762290893565,1
7.4892152225449875,5.625260774710071,1
15.084839317518917,14.259372201099367,1
8.618688855646964,10.295804690435519,1
15.424320297890471,14.536909440370327,1
6.741145505403911,18.432502681657724,2
6.210092503946635,6.6973832059703575,1
8.006504798004274,12.287286613758718,2
12.370122949530813,15.722682580315155,2
18.406153868551456,8.76578713057628,2
5.570005839681111,4.261006339255104,1
16.499885687248913,16.810570959721804,1
17.611536411719833,7.240224500478163,2
13.384952803149412,10.864261321463653,1
9.370986725573694,8.505702996260121,1
21.895251340173573,2.035541255735861,2
15.304681633194846,15.948262401709815,1
8.264857038448811,10.57941323755938,1
16.19249660998662,8.315641305704734,2
20.822579787421283,6.092462638795235,2
14.688927886176492,14.746293957529215,1
8.385952977747772,10.444862713171373,1
9.214414041207307,10.852483740558425,2
15.33393308683916,6.071985653037538,2
11.283370152318298,15.596485438947054,2
5.776353535586022,6.431606023653252,1
3.523567812734022,4.573155983527228,1
5.859713713736533,6.213883835876456,1
7.797807673778652,15.137559706967458,2
7.3231812402623335,17.518629747396286,2
12.981285530987332,13.794281657719923,2
8.378264026368146,17.761999919766964,2
18.638400227112882,4.347105595883679,2
17.90522833181223,8.360826310789424,2
7.975628052045504,7.58626793497574,1
6.573077530941736,20.056257053477186,2
8.92608415792568,17.925216489394852,2
19.515869111323973,7.416268010111256,2
9.499894117373199,11.604737038869175,1
6.274920083089103,14.26392442551088,2
6.55998924350998,20.08551226097653,2
11.069660461713333,8.78338087896621,1
13.104972378807759,8.286223024085778,2
10.618382429892108,14.80831112641351,2
6.138414825136044,19.690069429026625,2
20.28294951715916,5.801199373362132,2
3.5302600606052774,3.0360897151236186,1
15.694490735972266,14.502717133105268,1
9.634101675185974,11.090894913260627,1
18.96957890339369,6.875230514057039,2
5.730004241643569,14.771037129685304,2
8.755198712420295,10.433510247455288,1
14.009595512862912,14.966183898312664,1
4.764512519467773,5.1427159562631175,1
12.862972829439117,12.798644896207268,1
12.892836775485808,12.48028504077358,2
13.458307146283447,8.366407159475882,2
4.663120489250563,5.762029019934624,1
18.411300540528984,4.894307543356977,2
3.0810452347825574,19.4231394728698,2
9.747458739938779,11.709783677344946,2
3.786017000498541,19.2419125882791,2
9.653574257853785,10.594388897946335,1
19.938025781715847,2.407646753324819,2
11.32883876427632,15.196254286036467,2
14.326352513276671,13.435485771081686,1
4.149248602143193,21.89386859901586,2
19.687697524290183,7.721643955047116,2
15.658322715148278,7.486858480999124,2
11.305143471211508,8.771598299762191,2
11.312142156392104,9.23677807753309,1
8.109222591654296,7.876976999976594,1
20.27066375835846,1.748912356018808,2
15.566244336562294,5.490145729746073,2
4.079570648015553,3.3838423574753707,1
13.734325877619249,11.097860798548124,2
7.100346479627106,8.860839970725277,1
10.134722247219809,9.897375573341106,2
1.973436252164431,21.128642443594124,2
2.9251150790655576,21.370388960755964,2
10.226562580902897,11.422042855369089,1
9.579521148310636,10.290268227254579,2
10.55684797329757,8.425209088995302,1
10.91279666817178,8.424392391286341,1
4.216470778601638,3.5657691334130686,1
7.957826586565238,10.42921498923984,1
4.872809417257891,4.202609558071296,1
15.955324037005678,15.964381999753732,1
10.176248287129313,11.005555190652084,1
21.02677879047293,1.55546029590516,2
21.882737864555075,2.491535040334309,2
9.451517869609248,8.339091290751123,1
8.589002692399635,9.01748527552082,1
11.180226441935169,10.547783792667607,1
15.72366828023446,11.971178540961379,2
14.372932058506429,13.265744505134402,1
2.959055461756682,3.2240679991361185,1
5.812361690417697,6.189136653573202,1
8.67728999674704,9.959100278493768,1
4.345379263917399,18.719734284175658,2
20.769318766718143,4.258420609274588,2
7.138230998667197,8.973791011306124,1
8.004492721181848,17.976610598196636,2
17.850797927081565,4.620912042948457,2
16.126902944884456,15.920631142868817,1
5.879931483122401,5.108158223481647,1
12.98241217253679,8.45876692578023,2
7.704229749944148,14.6159788994443,2
13.46308709086018,9.680938660416201,2
7.502116554957551,13.82829188017386,2
8.295722277274962,8.05992013525913,1
10.800752262717367,16.607571435606822,2
15.76555287144042,15.209917549099593,1
11.121883257001006,9.903913088625213,2
8.443524709556813,6.937571586773207,1
5.919990158466543,4.42022398705966,1
8.937106123145382,9.742397659131889,1
11.553529653523087,9.263275671432828,1
5.399301123809504,3.918788213779556,1
9.842207728639103,9.771839204022298,1
11.939010596939518,10.462505652106074,1
11.427444671157375,13.568275078486414,1
7.25261273057578,5.921583333293618,1
9.714416014675416,8.254132372096091,1
7.082201795642551,16.702859746018454,2
6.245954856015276,7.12523685793828,1
9.971657588678816,14.521251524450614,2
8.914812916318667,9.728700927184653,1
10.782477955000369,12.622551835651167,2
9.544770398087042,14.893372701487605,2
3.297080280598795,18.53292010044118,2
9.835388641546356,9.465687716882684,1
4.710258564935716,18.34850878569168,2
14.093365768298376,15.13848943763532,1
9.34612902346591,6.892080439273336,1
17.693670580739568,5.427985197252003,2
7.908009492844368,8.44638431502898,1
9.549791812832108,10.75203841667738,1
12.759499802072114,11.178666132612857,1
3.7560670717942095,3.523091767517651,1
11.984615767333235,10.583875968648657,1
9.655123430517301,7.070563621220927,1
20.61749246442557,3.9070369385888046,2
17.893819285209457,3.8439360002944554,2
11.645240658674464,11.776955975626795,2
13.380901401002587,7.024013683377895,2
18.416714723251022,6.428305625853524,2
2.4973021210341493,18.81004058138126,2
19.295316253428044,7.554748947324058,2
15.36567617304677,11.526682764850172,2
10.050298755067498,8.30819373404596,1
10.066700589031884,12.137898114427237,1
10.27266150186657,9.83453813812035,1
3.680413012957973,4.465965226828023,1
14.983881466216623,6.257714341832351,2
10.709019044803808,10.390598214788536,2
3.371442038897645,4.8266277996818765,1
19.77494005948136,5.422861210231606,2
8.844787395976823,10.482530841333931,1
13.048465462258893,14.450319942195303,1
8.34475269655168,17.303005537155613,2
14.742145483223034,12.929267881830183,1
14.271021006249887,11.086668293172005,2
6.485449225878176,5.630892801591276,1
12.2508640241981,13.426577550815722,2
6.649897872902988,19.594832183510558,2
6.936917785269152,18.90813602979414,2
16.86447446940334,10.679921437717873,2
7.870484010664629,9.386294703537457,1
13.321291514282208,10.896127576951804,1
17.268369716815428,5.871749812162042,2
5.6938229179099,15.42815772358135,2
7.795291702247209,5.970237251238824,1
16.803290344511915,16.92603987563082,1
19.289568408518292,8.246706059149247,2
14.828537736259051,7.855649122970266,2
14.755104399728559,14.58659992960739,1
20.15780510666383,3.4127930392444483,2
8.252605065929732,8.36592292186079,1
9.435225203021899,11.283119943790652,1
17.815467353847968,4.6120624645851525,2
5.456760329630033,20.69509976276541,2
12.689257965702247,10.55776679906309,1
11.473255929033002,9.579978955728423,1
12.228228703720426,9.929213808719556,1
6.5478957448602895,19.168650255445435,2
10.713065755972096,11.740448652109208,1
4.489580915249261,3.606118744238686,1
16.734337150310996,5.122472577905948,2
14.341087048141407,13.541554012551993,2
6.055457327389634,7.586194930339231,1
10.152237912722333,8.947802413547599,1
16.5870755314138,16.275853777093918,1
10.328047897401868,17.23912416375235,2
5.887173147852226,7.037858843879746,1
14.28243488382724,13.076102779697786,1
8.237468221894822,6.704024299908731,1
12.545715383714137,14.107364867508132,2
8.007142007437897,14.965337984756626,2
4.009536446641582,4.26360766565209,1
19.26028982322595,4.8102949818432785,2
15.501593842731932,9.428790368470162,2
13.599249279161615,14.469467782352382,1
7.718879597910409,18.23420695535349,2
17.311521242649363,10.426518000938819,2
9.698751667151175,7.447555673788024,1
6.6561554396437765,18.309722834612487,2
6.060704001108702,7.120586334734281,1
15.805390740217863,11.535450998930619,2
10.590253576609335,12.852661471284328,2
13.873316358500448,6.953185447101596,2
14.928007168104994,7.9319753673942515,2
20.56518460031254,3.842333567770238,2
4.169010195380513,4.617081944986973,1
9.577774962947089,8.188441285625382,1
14.222739214348247,11.836898534712146,1
3.8258090976773573,17.417068307218816,2
13.255094832889004,12.913640194000195,1
6.9555131746876935,19.357589466086157,2
18.00421254318551,8.784111843867931,2
13.920185910552933,6.239762937701213,2
9.411839024653906,11.045929312653474,1
7.217360174350154,7.027961381127604,1
5.287845472799607,7.081922441282653,1
4.936834964646742,18.39581024511816,2
7.29021585698578,9.309705965378878,1
10.107261253479429,10.206340117132754,1
19.979273874592064,5.830037802185987,2
9.517478124166502,17.43590933175329,2
14.916439115198528,5.943443126274204,2
16.10880876106542,5.486815898487711,2
17.022268011103815,16.94843786855578,1
9.271664470799925,14.406049496262863,2
14.582223735801879,15.704642735820116,1
13.845066134265366,14.92725507747789,1
13.049167292374223,9.552977226283863,2
3.6425259879025536,4.454081379351396,1
5.847630627634899,7.736144113868708,1
6.409491426942016,5.3088061669683775,1
4.887222611730869,5.609987317748017,1
13.72106139361745,11.926299229862463,1
8.428752347782122,5.924208229840106,1
13.803625079296753,14.363095701072748,1
4.196021066391619,4.454343388339166,1
4.617743231184218,4.525095599104661,1
8.890324531700465,8.431352853038565,1
4.236652084871285,17.300668615442724,2
12.892031266360378,11.33024625952605,2
12.849211671207373,10.255395504262545,2
9.865814778552984,16.0177093278643,2
14.627046025404432,13.709255520958752,1
9.962632117034595,11.64808357316886,2
10.6871185239867,8.824809910463749,1
7.317174540578806,8.573287655020014,1
12.939708199611893,8.466420825489518,2
4.781420881637223,19.704754788518485,2
14.615877199988834,13.311666990623637,1
6.6972095307524,5.609425073870832,1
10.533224077637481,16.690612169800968,2
12.507880887293812,13.053283226607649,2
8.918061033024463,8.136760041450035,1
9.852928712573338,9.16858439212376,1
13.219758322482473,11.057115912061754,1
6.556076817151853,6.7679314380520825,1
12.261168549748696,15.283101970043292,2
21.395799108454412,3.0546817016406482,2
10.075724701662578,7.724540033078441,1
18.238765272703088,4.122459090199622,2
14.449639748890243,10.884996802312827,2
6.621717644053506,18.16339179914532,2
12.726167430535387,13.478955908788134,2
15.134303454068576,14.14040286298334,1
11.837878601777401,13.540566064890104,1
17.934305924516764,7.024546733427531,2
18.864119873389704,6.177021421318234,2
13.747941418999355,10.804638745101899,2
6.403192067228408,20.421893108256228,2
21.852033805122858,1.837154094293716,2
8.7477302805654,17.687665648350336,2
21.522457322976372,3.8928735546038773,2
13.629567917858637,14.742952398502421,1
14.258386141707039,12.554928931638795,1
12.1561400388121,12.382638212867361,1
6.841522930052708,14.394470074762685,2
14.761319435731181,12.931446413751166,1
4.755235513754272,6.127334112729234,1
6.208156881313089,15.342227195763297,2
14.516276226655581,12.46114971547538,1
10.855351644136954,11.285775047804027,1
6.453986479317162,6.523845489900339,1
5.003026371928126,3.8848219929940706,1
12.723890793120038,12.455197968509987,1
13.464309211721694,13.386280769571094,1
10.700359291228935,13.654461739249404,2
17.286592661718046,4.115140517776429,2
5.761761016690351,4.3718485026016385,1
15.907122189939022,9.701166108620573,2
13.352661492435399,15.046903770599684,1
9.115805096168504,9.926274490266803,1
10.448825496188665,10.277818868696611,2
4.055808650109756,5.784137670826342,1
7.420873035972453,8.045247000291411,1
6.382573669679791,15.721438634931678,2
3.8812093571718336,20.432328023272333,2
13.721567779596882,10.115542172558323,2
9.296511076943588,18.43085772523424,2
12.378142933110297,10.758061288616613,1
7.654117613435963,15.736828105707668,2
16.87356060107207,4.745457990355169,2
14.6209349561695,13.486767051161735,1
21.060586427273755,4.4397089994169825,2
7.185360468018306,12.840231627724837,2
6.008504863360946,5.170156383534903,1
11.448410531683882,15.784823965398381,2
16.435832960512354,16.13859014077437,1
12.34420278239108,12.803969659343085,1
7.2099581751505415,8.252903569528282,1
4.773089381292245,5.694813282179388,1
6.260416520728428,5.429397705586288,1
5.691329246515659,20.633797848669566,2
17.4806009693226,4.396265319919806,2
12.717919615519232,11.189456142662019,1
11.347227138647549,8.63562920386281,1
13.44688258071906,10.248081379419794,2
13.532992822022244,15.083960176816031,1
15.542264796129597,9.765032688980885,2
11.779970788768361,12.954853508180092,2
4.290724484781235,19.283149328312586,2
4.588211801234494,6.112050440799299,1
3.676013384828389,5.083257682870626,1
5.221708518585353,5.34387827596154,1
7.706727407674694,8.500312214085497,1
3.8985278952307922,3.225426437589408,1
9.640487909269114,10.99966819615485,1
18.37351640629055,4.622552718828744,2
8.970640456953229,9.104052286928477,1
15.462740864284198,11.21765853589576,2
7.030899733288828,13.761698380254764,2
7.928685135430393,8.53432208047201,1
2.8939158043656477,22.053798172741963,2
5.872449624120804,4.1759351179457775,1
20.47226617967668,2.181398097778551,2
7.87112622902711,5.692744394342467,1
13.128278206015866,12.120342018947525,1
5.678133775313551,19.095527758619294,2
11.42994391135708,11.795329925975448,1
9.481245750838234,9.948514842449745,1
4.735389727131695,3.521403178527371,1
7.391371381038597,19.312532329881012,2
9.024974465861275,6.422309506353986,1
16.19571554115795,9.674524918711178,2
17.173962218785494,7.496312490069403,2
12.937205536389344,10.798473269735927,2
10.432076146947725,8.434598402209508,1
7.972949432618353,9.881763204151714,1
9.25109608437829,14.869021370876283,2
13.433929813143225,11.478968041523673,1
7.2706683241947045,6.52387490028904,1
7.0085725350644825,15.584780619471633,2
16.324292457826097,16.326836143879362,1
10.332047591952996,10.22865668116885,2
5.400813876729972,21.10597127692143,2
11.172811669032482,16.594312614738055,2
20.056516948356,3.3346567565656624,2
6.333106605396312,7.825888470006335,1
4.947524785460393,19.11068279708097,2
4.185472623691915,3.7715847415678434,1
9.956410908434018,12.862649076065921,2
5.951837566261156,19.874577337087977,2
5.130468167809327,18.95076957620269,2
21.09097457181904,3.2873535077451255,2
13.010364106577864,14.526110830810593,1
7.333359621175598,9.432281586572635,1
17.902363873244997,4.102112268030233,2
5.782122323444658,3.8810824649672098,1
10.643363611217978,9.277010108260557,2
18.726057870225596,3.5134419096830083,2
9.720209328919976,8.546450159484497,1
10.712632261639646,10.446116385391992,2
11.800297019279425,15.81628064333083,2
9.585226971571997,7.393617986189324,1
15.814356527663792,14.627812689715949,1
9.246064603799708,6.7915864786814035,1
6.470834025222457,6.896431250149925,1
7.141445753498332,7.827417439718639,1
6.3271285760175076,4.65002139479877,1
3.557721578803764,3.0372102156871605,1
17.057819046590144,16.219754927374115,1
12.310646355329592,15.452395768609446,2
11.871332721652937,14.909037252096267,2
1.228662066116037,21.92796278192172,2
15.469211223562843,13.444736237389552,1
10.587329663678274,10.69657540722244,1
14.402003746118158,15.709080205513143,1
14.020368962977956,9.20555989100164,2
20.718355867658552,4.251448585015734,2
8.435024521791641,8.731580851591424,1
12.18600021417262,9.902473698495102,1
12.13257810460945,13.761903401449613,2
8.904967067789567,8.115629343143388,1
19.45522474494898,7.3331417775388426,2
22.18018639547572,2.883000896165065,2
11.67266975473921,13.322130992951267,1
6.737133051698492,8.810692511657539,1
18.758747474534005,5.672144438606612,2
14.749564377611602,12.343320984235064,2
17.35586102184226,3.8752956631040423,2
18.631867266133796,2.859935055026268,2
8.024833195304627,7.364586432919705,1
13.40787720017703,12.07785465934709,1
9.897940448840227,16.41616272184899,2
12.178493160395709,10.454570149297835,1
19.346075504826068,5.06266873999908,2
6.137093034793279,7.281415498083241,1
13.802241024849787,6.880319065301671,2
7.83068139325722,13.18276912616825,2
7.132562836795937,5.375219649451984,1
12.944747419581546,11.153921759262433,2
5.840155323838199,4.096205936489811,1
3.0240306583904264,20.310445792160444,2
18.797263684693696,6.447857263514059,2
12.540692666486452,14.036111321885432,2
10.652397242345343,8.500901983373268,1
4.570038423496339,16.035168371599646,2
10.290653569563094,11.745795159501101,1
13.667146057322325,10.166520555106025,2
11.66856378310209,16.37777542569387,2
4.779412649790872,3.7457596459384135,1
5.27413630148005,7.208831875396848,1
8.300893641253465,7.0659345169264,1
15.653001608091488,15.715224950915701,1
16.483205309069064,15.753950368707454,1
9.782916331227563,14.767837090884672,2
14.606903128582111,13.13621679188092,1
8.292091862609151,10.488762531081532,1
14.72766502526987,6.981817758850609,2
3.97255342197107,5.673509059916018,1
14.514875166684085,15.406951061923486,1
5.84536268211242,7.653446847981961,1
11.62557901180277,10.825811161518065,1
16.917822877133858,9.100657969761436,2
5.524201605845753,17.469737614858268,2
11.359965944488488,14.821915687146548,2
15.191835086448652,14.55455563694224,1
13.773333968331976,12.075360952961443,1
5.625154708899445,7.743825728039491,1
4.044508134855297,19.744180436531863,2
14.214661888686548,13.344492249781151,1
14.106857154741709,12.02758034811889,1
8.670847163845153,11.156595136957204,1
5.248485680145954,19.535420598406738,2
9.864584390454379,13.748133463163711,2
4.97427604306134,4.367134414162814,1
2.6405421668593902,18.904018520129227,2
14.776561124317855,11.935763890074943,2
11.042954822008042,10.87807864242873,1
12.626964969052127,10.63558889234766,2
6.130451145139096,19.089739732121853,2
16.687468520487705,5.7820284897490435,2
18.946943204282924,6.737040639231339,2
12.838460962136812,10.211644095299732,1
18.941936002418696,7.420644902046545,2
12.874313473347934,13.829531421258622,1
14.731948416992356,13.8609045480773,1
5.017797868663356,6.282028595862602,1
8.096491899291488,6.847462235341792,1
16.375243015798652,11.089299689498752,2
16.246994092045654,9.552128459176101,2
14.49110786951462,14.206714373801299,1
9.510804878624121,7.752898650035771,1
10.55863655217059,9.772785614222661,2
14.120384162853943,11.920213281142122,2
12.683560850746705,11.985385605407657,1
16.78574926500008,6.0338611748458835,2
10.93453869089695,9.686537308532577,2
21.31020612045312,1.6871521277862875,2
15.517650947481325,8.875806445564846,2
17.087063210348003,16.509180065437732,1
10.396871609191468,11.528922835858122,1
11.63300719127962,13.395395829097382,1
18.45399174158975,7.10898827576751,2
5.416612258617127,6.383033731966577,1
10.16676363788423,7.623732986891885,1
10.653096497770612,13.05590145526162,2
18.677392667403485,5.271513364763043,2
17.441453175360333,3.7987838740040267,2
6.283627399380731,8.84321984627564,1
19.23995528161307,7.675415394894837,2
10.618206090046835,10.707276439009235,1
12.635798202354746,9.276660545697148,2
18.46208632256447,3.3769045790757595,2
7.632687789993275,6.711812809807945,1
13.227897191208246,8.598196586232872,2
20.979255732240023,4.810238292305266,2
7.129033022662663,17.492244775204416,2
7.45763750165985,13.930890104299179,2
16.980559177843,5.150266827070294,2
19.685213464437517,4.922912362021456,2
15.981780069696029,10.296167024738955,2
8.883049732035785,15.240449045519417,2
13.380923802312244,13.27792017310237,1
12.77808979703579,12.056643911169473,2
4.223972121405684,3.891396190751439,1
10.605951782263165,8.22185387822909,1
4.185693028158098,5.111192662797061,1
6.755022360018701,9.206168951495533,1
17.91103208324943,6.331826388205978,2
3.7595730566392653,5.2240020960913665,1
8.87997599358116,10.834473757303332,1
17.133385069800255,8.01581369734385,2
13.089536208437295,13.130741445970475,1
12.640775976964795,7.928325362157971,2
10.534345196846408,10.032459761933843,2
15.014481133837027,12.345904253250328,2
14.230662292719332,12.973767659316382,1
8.282767538853319,15.253740147383388,2
10.125288901178582,8.331515317595999,1
12.596215100968294,11.085820312842204,1
6.585510419877082,16.71308127217859,2
11.708799985250138,10.066127100497928,1
10.53068149640755,13.828057686438356,2
10.910808972642776,12.13032647084929,2
11.199783109223937,11.7121724222823,1
11.920311728863235,8.278880130732572,2
9.780884913732388,8.211886967385817,1
5.320211599589976,15.634769765277806,2
1.9838545562010008,19.863268061459216,2
9.177757051224807,8.657495044391343,1
8.43893720885907,10.092158173762838,1
20.497409657234535,3.754721049586321,2
4.430851479553223,20.33783795332878,2
6.667003465426564,9.014677208382661,1
8.84098806930002,11.297856599311725,1
17.29429331958403,5.42210088088643,2
16.490172226419833,5.9975803835034,2
10.131224887761448,14.453967156907984,2
7.487343796004382,13.433880111582223,2
4.313061854608033,20.898037613216268,2
5.465456110533063,19.99008405588696,2
12.59707651035995,12.760053271197721,2
14.621625327096295,9.369493075379642,2
20.343989826665968,2.6438605686130003,2
7.3412630259141,15.976325813066472,2
9.415963712882466,11.088421985876108,1
13.499911384300841,15.083238202642928,1
19.272897667675462,3.612823448936119,2
12.476136353886348,13.01854616247469,1
12.532648475558599,9.450491487317818,2
10.927540854660608,9.328668136068579,2
11.485810048623188,10.135866690976929,1
6.73052193363805,17.312817082626008,2
12.953292350440533,9.839749930312365,2
3.4202059804689293,4.0325408126951015,1
16.96870168311471,15.997510353337946,1
3.396479247014703,17.587104315919,2
3.7017261720763894,17.988522201934195,2
4.871654177991227,5.171348968998516,1
8.929021262204397,18.43169557996321,2
3.995512531548246,4.717470693630906,1
9.275305679140844,11.217291432454816,2
16.793931316510267,9.620963215623387,2
9.018197557362173,7.462626162426664,1
12.401129402967822,10.824889573450525,1
19.50898672974989,7.513192499368802,2
11.78382117089045,9.747884933209995,2
13.08419066943865,8.706085971434787,2
10.480985234483303,10.180080913413164,2
8.281723452901803,8.272292446741208,1
8.745232989379609,11.156047446005926,1
8.843562031381953,12.464634666815453,2
9.135015846736968,13.596653649572572,2
9.826215347334603,10.212555433844312,1
10.301743977630851,15.460128851096144,2
7.182326772775825,6.581175965262663,1
3.1881568356834222,19.75177696624818,2
4.909768832276403,4.522313742939673,1
4.120869425255159,6.047578750217209,1
14.202526881742873,15.889077821559209,1
9.267934748321148,9.973213764146973,1
6.756373991584718,6.065689356216854,1
18.532439141210663,7.4567347994212705,2
12.895290799676904,12.527745414981794,1
15.111939252694784,13.158598773167503,1
12.957639160368602,13.142355483971947,2
5.181167215036135,4.886579445084439,1
7.044342956418417,7.4877231661841,1
8.028425670567705,8.464452984323497,1
21.882095814828553,4.544487990892666,2
6.614487895778121,6.720607216131225,1
9.940797192051186,9.198381437979227,1
20.070371963874713,1.873098606148563,2
12.806314598801421,9.937091610943414,2
11.998507823381463,13.866212976878908,2
11.400258946178194,10.5566714018899,1
8.528009939773924,11.29641553369474,1
8.578544845731939,10.018823679733211,1
13.122464382809374,13.219282993723459,2
11.909734575142208,13.514657186820727,2
4.962042345566322,20.30947227877401,2
16.71798835110701,7.261417382701473,2
9.871778361660672,15.685571526260405,2
7.676399437623925,7.1169351756100045,1
4.983723236266364,5.83078303623378,1
12.275073961193886,9.766244874043704,1
15.82759436221688,8.487398545609256,2
15.14031492407241,9.116470851753585,2
11.682389418159225,14.241544461485791,1
12.163861133361682,13.271576827534108,1
7.43562969902455,18.80088459778137,2
4.360580210905631,6.090300978689129,1
13.10115591876251,12.442433676374192,1
21.840244046952293,2.299052239243087,2
7.948661052559036,8.247931049415634,1
11.515136790800224,11.517216528429717,1
14.048452367701152,13.957141173433527,1
12.329120687370926,12.441406518494505,2
7.59943921928673,19.666466270981452,2
6.581877882652004,8.26425675965829,1
14.327842562492828,12.377498601517303,1
12.337118443207746,8.89598364883848,2
12.603394903214097,11.53853814909804,2
17.21767009747213,8.824192416947744,2
10.561380494137001,10.376119926645387,2
3.119797517029162,3.797633838650613,1
12.151658285245471,13.869771429352546,2
2.950252501282522,20.433513816781346,2
13.199249947057025,7.326104718672555,2
6.814291086945046,5.935424891684366,1
13.60654473060415,12.406125524302457,2
7.917066149433708,14.447458852459505,2
20.74009755277346,4.663401292210383,2
7.388771469279838,13.403279489756713,2
8.795469746093547,7.140169806437134,1
14.31562506693285,10.278416278333456,2
15.296305635328581,9.126876047210583,2
5.861828538549152,7.303371738493377,1
4.5142603711378655,6.650109447739505,1
20.469179677463522,3.863797990318451,2
7.616890853281303,7.459012135265718,1
12.245953360489167,11.73174845128532,1
12.431843963459507,10.308034654550433,1
4.309320125029536,19.814215589353594,2
17.14410640817858,9.849030438934342,2
13.762464026750393,12.586701404996735,2
11.43441037989901,13.078481008431211,1
15.53940172046152,15.971081905494314,1
5.210509425437615,7.014207319645296,1
6.880586692769819,6.879960376360592,1
16.412894689375293,5.657473266331003,2
4.584495844221696,6.343812612698884,1
12.793658846209308,7.34141384109933,2
13.857399513717258,13.352153214364604,2
21.0533806477266,5.909077019474329,2
7.725336544044996,18.53979911528003,2
14.510245854100663,7.896203295043911,2
11.727548775243163,13.950033504401066,1
11.540378176633789,11.206831750816061,2
20.683820298016087,5.8294783372402765,2
10.669566928472106,9.414941028917157,1
14.72097803144354,7.6832695805932545,2
5.566131852502043,6.652837315524119,1
5.005890854525888,19.262592821527246,2
2.4456742948392254,20.73746978852526,2
17.75722349750253,6.128212545164611,2
14.826652472974622,13.196251780334403,1
7.37506168131555,7.300145558494667,1
15.29994302364347,16.138998728194217,1
10.18072900785319,11.003923969267742,1
9.135024340684257,9.792494253882044,1
10.601323537728254,16.383918846999585,2
11.07603849707124,13.16187722761963,1
11.394065900919012,13.997047019240036,2
12.090988937977666,13.519497783631284,1
5.52710603697137,21.07202762806144,2
9.754755747905463,8.401003034134144,1
5.918987183032404,18.478061892089112,2
5.65633260578474,7.358883851962444,1
9.99659820809964,12.375987242552075,1
11.97781714170292,9.851815211627935,1
8.600223332180473,6.904796990995763,1
11.762530063362025,9.797923751863244,1
10.172021857727085,15.074175153166422,2
7.173428499177074,18.77803027766655,2
3.743632827484321,3.5502579992200554,1
20.487202969107464,3.5443673820371018,2
13.40994905645704,14.532680640752291,2
21.577220298246733,4.167157094650397,2
12.248703683568724,13.626704890596645,1
12.780513539768503,13.525617047254975,1
8.515913886727622,6.117581196343574,1
5.255282401393342,7.618557212257676,1
8.329389730992752,18.842930998689077,2
7.254441020044471,8.089193141133004,1
6.035415870779233,4.147028665173928,1
13.219633125936168,13.512522386615451,2
16.688558677203282,16.205378226362214,1
19.499508826844895,5.234296304276086,2
11.627289802541892,12.342951958565088,1
8.922743407897492,11.38236088425952,1
2.5191740530723106,19.98641020787599,2
17.50405081769518,8.463858433209293,2
10.673985728265912,11.947526534602094,1
8.743488717588605,6.4842303433308395,1
13.091131734706622,13.691807122163954,2
10.646817312214822,10.477461519427798,1
22.768939255167055,2.0241236385931742,2
6.589513778544088,6.695866427635603,1
18.64902857109076,4.212915228991436,2
3.82101284068529,5.148761502254889,1
8.499371610621587,10.118891377606737,1
6.37896755403996,8.939079252661902,1
4.999438468493349,7.163676033796319,1
4.641173279980104,5.076247522157921,1
15.764079009906965,16.741036254976514,1
17.83867258313842,9.608906443741759,2
7.962169497661202,19.250200757541705,2
14.527706151905026,9.480878957963224,2
9.793108770366715,11.251716400784272,1
5.025852896402627,16.00714319961228,2
8.038082835740116,12.889167836455531,2
11.265630285421135,12.284739063948964,1
5.264441876537763,15.435837095285208,2
12.113838240550416,11.838209193127966,1
5.76869732075509,15.035154387779908,2
9.459444772891716,10.22785119300722,1
9.238870729163336,6.710063265929554,1
7.357903029604101,6.3650712346130165,1
13.407718472345168,15.498912508052022,1
6.450178493772045,5.226134091107523,1
11.215053852652826,11.953187406642915,2
13.336415904496324,10.892293333608393,2
11.051359234461888,11.782836803399144,1
18.504943109880642,4.170736972547723,2
8.824671808321744,14.371039079645383,2
7.3690160317254385,8.996094911846866,1
11.303032855667723,12.830052303675718,1
8.802228952596428,17.954331966056092,2
12.031889533706888,14.769611517898218,2
16.161619403841677,10.884528546989776,2
8.137035858867055,12.239296029744485,2
12.71268611069234,10.079306794556967,1
7.909193681357067,8.337856563167227,1
15.259905835099454,9.531468461622318,2
6.740677536795477,7.629249080730056,1
16.23020638692145,15.220727035931466,1
9.844771925665206,9.774146361683348,1
14.86965348885236,16.513838848520596,1
13.558229409487666,11.231971195367528,1
9.922105143439229,17.2271852513035,2
7.773590880260745,5.856554206503182,1
14.315246125166365,14.702389176357965,1
18.89730794524516,4.49541702390454,2
5.772696111607548,4.494012854974106,1
5.895948837611386,8.188787489366694,1
7.377280597617898,7.357006436469215,1
12.943870303232822,8.129697271341893,2
3.5254787518144166,4.5124021421728076,1
12.01911830275225,9.358992878244464,2
17.864345933707114,6.4376338841945815,2
16.979960580927276,16.312873630136306,1
6.180202629045768,16.397296095272278,2
9.449960769702452,11.045097913875358,1
3.5922622473067207,4.300020959797894,1
9.86227254437057,9.151742327902129,1
5.876967258894736,16.793044496620496,2
4.968149967562615,17.641105081142776,2
21.60856586979082,5.001731101451133,2
6.520024919743937,8.017211294821085,1
14.112152681270874,12.966320228892194,1
10.338978429746739,11.51427169714729,1
4.919195665961057,6.565586835290742,1
5.37398384176078,7.522489181439942,1
4.01872770670769,18.035422108659724,2
5.673577720585389,5.697426659107629,1
6.615142534941859,9.075756621620904,1
16.219294060735063,4.377734019226786,2
17.151558224527676,10.04574066151369,2
8.430743298493976,11.067568086278538,1
11.008871353153133,12.838604729362416,1
14.151856626659121,15.695710504942136,1
13.293994133564187,13.27736883845941,2
9.005225645207975,8.94520529457277,1
18.17411518622636,7.757761571900373,2
8.20234878396118,7.450065126052778,1
17.84925987941276,8.69858128383147,2
15.590380771305014,15.620093168514238,1
21.04017894563566,3.8514491471124614,2
9.131593455304506,7.908686763756681,1
11.355637229708137,12.85133991693019,2
14.28823971987444,15.782653377702832,1
16.515015501374364,11.580206706141839,2
12.05925365996208,11.835891036277559,2
7.2256743145686935,9.036342079373641,1
19.268909667709195,3.197870457389982,2
8.402209842191617,15.200003804136236,2
14.394740224086274,8.599633367718857,2
3.9361089105753075,3.7798823683225162,1
9.988888565133587,8.210853105315042,1
6.169567795563342,20.094900895782548,2
6.0199894716876985,20.59381933633295,2
2.9991933465436986,19.002365507962935,2
5.5417229877210055,16.10452107611319,2
8.265957418786037,15.56992298821223,2
14.109159801359828,14.177263006737455,1
3.5929496508430283,22.274990220774576,2
11.713911229910929,9.26612520572174,2
9.532728994758578,9.179919401424842,1
6.320229353165794,17.53674011691458,2
12.689402648006096,8.531315867646798,2
16.352184366784897,10.232200521350364,2
7.493651873028178,15.443338032962073,2
10.79812021662229,9.039230795105428,1
3.3370069622949963,3.9909896237867573,1
2.828857196538464,3.2759729535224658,1
10.414875891355225,8.376422818424992,1
14.088883994617358,13.701907639645373,1
11.38662413578669,9.992595750489308,2
7.8058269560640925,7.954115160208523,1
7.003989079261099,18.85639280135818,2
2.0745234845453986,22.80783272077153,2
11.816689037810422,13.66634052115416,2
12.921992173881009,14.360573690538242,1
5.384366283342243,18.349221474778957,2
15.468646140519198,9.397621421928395,2
19.294604809186165,5.115896297261166,2
9.170513154553376,13.36101294429656,2
11.004427833211682,10.87421053590424,2
13.401111813723832,12.033276796165584,1
11.670118450294833,15.0564581220133,2
14.948038021380365,13.264814448791304,1
13.806405388138444,6.3890174507023305,2
19.149561224081467,7.3292672596394395,2
16.17435044422353,5.464371204177434,2
7.661917940108659,7.279168729785884,1
9.092528045049436,12.294062786696655,2
4.237619125111327,17.552548522196847,2
12.222812667802657,13.044428702646831,2
16.858795080842825,5.796661791455221,2
11.589444263678851,13.385777702110813,2
18.274334076659525,3.0542438615136778,2
7.34259133380748,17.82081230976317,2
15.399670137465296,13.471359727344556,1
15.668444338353815,10.677343615263611,2
16.41142699658587,15.916885693060099,1
20.03375039803062,2.3702269331149175,2
7.425104033310942,16.750738962579575,2
10.561448088562724,9.572726618176661,1
12.315705194351054,10.904450228656872,1
15.168970182274709,6.5403150272614585,2
20.159616135219775,6.568324647211845,2
19.603903075072456,2.9356685260306197,2
7.824471989932673,7.267102154955795,1
4.881086010439884,18.25107264968655,2
14.165305559678664,12.642222430577696,1
6.088708331749881,16.72369577910228,2
7.2093761095381845,17.78668171315841,2
5.547424690361848,20.415853430490202,2
13.438387233152334,12.527208382824073,1
9.01136625660995,8.001797829161028,1
5.378728238180951,5.64455252839837,1
11.961171501106215,11.725976200827684,1
9.27714390617491,7.889011165932036,1
6.1503516515338434,18.194188001307275,2
12.713538936179756,13.599726606405937,1
19.740968846061833,7.198877853063517,2
3.4246772106591497,20.547187063817198,2
16.11493722589167,11.563420807900432,2
12.975826182215478,9.007112707289867,2
11.221096084463479,10.000510313575324,1
17.563508085369744,4.69003840626519,2
8.421788030509093,15.312609665718906,2
12.442810509032071,14.170972063258805,1
14.12114116647711,13.523166052310696,1
16.09182463973876,14.660922191240335,1
13.103419673167247,14.106208555998295,1
10.326753402119294,10.598090326065144,1
7.979920686103544,15.62715664448362,2
15.160108500588393,14.859520269049607,1
21.27276813203391,4.712841365608715,2
10.241817979092191,13.105404509017177,2
16.48167498714494,14.935271349516551,1
5.670958529926972,19.344672843523828,2
21.965152226392007,3.4928380561584014,2
13.014226404009225,13.190265770543729,2
13.65234776224725,12.117023799785038,2
21.513415063146265,2.578662573717354,2
13.401629596137706,11.919511731962825,1
11.31890903574332,11.782918611348808,1
7.580898986921593,7.479345163255381,1
16.1103956386686,8.248905264031299,2
6.142590992210787,19.9647691490444,2
8.680069707727068,15.349499531966794,2
5.813892818892425,4.272201344619101,1
9.515962869540271,11.095347569949663,1
7.213097644630083,7.332656693532503,1
5.50834088103186,4.7024891904389055,1
13.660352592055977,13.648691329220211,2
11.109503548982843,16.461005788618678,2
7.840742964159048,16.219013578582157,2
16.428279645456115,10.327502136114186,2
9.624021732937637,8.650703163812352,1
10.159848595263638,10.419767468562643,1
11.530581807949364,9.424537912445333,1
13.721714261167467,6.614667250414745,2
9.56123565121376,16.065956989534115,2
13.614310216380954,9.112460415878068,2
12.479028039786503,12.163994025535084,1
3.725265679623833,4.746136012615554,1
13.438972008059384,9.51340535568098,2
11.115455967165037,12.343419348410427,1
8.912571519108376,8.220733881381117,1
12.072951968736131,13.812445108119853,1
3.8663159939832594,4.722078815052175,1
8.655525651755838,11.741910416784494,2
10.732463027903982,9.845865528354508,2
13.049429375385055,14.670873883961974,1
8.957002231561331,16.066350943739366,2
8.98329779990563,6.828577409064975,1
7.001771125726466,7.168755341634611,1
18.010582579145975,4.876118890310969,2
16.2079538325738,14.445887628573914,1
13.69886073833661,14.652572452384813,1
6.117939977857343,16.538170537399203,2
8.484331883893201,9.352554758756472,1
13.627868093982471,13.771014282433034,2
5.217133141601337,4.941536496214629,1
11.635706471775212,8.383704145756823,2
14.237435738007397,14.789270759820798,1
13.346595467215522,8.444309182380094,2
21.531194338050984,4.373209196019515,2
5.327368153106733,19.602936885183354,2
9.127789478936968,17.284304682062952,2
16.27955962798795,15.730997702649283,1
10.524471530597177,11.179852746920702,1
7.555789682103103,7.6307391401936435,1
7.727272677061915,6.827914841057524,1
10.772699233069519,10.021245237135531,2
12.691303650228239,14.81772952438082,1
7.383043591399826,5.463716013176316,1
15.928032265755245,16.035002552667812,1
11.300378214739299,14.840265506451566,2
9.57936556581354,10.412835396958718,1
10.632571797639834,9.121355125659958,1
12.522899389673492,14.439221870919832,2
16.32254172232816,16.323345544210465,1
13.788948611075854,15.40585203446172,1
12.041103194528947,11.220131813303732,1
6.131376505313886,5.284709304666536,1
10.76750536591262,8.818616927491984,1
11.13596602905339,16.51837704956013,2
9.221218408573208,8.44838910916581,1
22.17406959402601,1.9618246872901715,2
3.6153080542121625,17.36685705487571,2
10.443196204964563,10.541243831517159,1
7.240579690970078,9.940407985877997,1
13.520019401471984,12.888215394834868,1
4.532241388924719,18.00047830507501,2
15.436544987911834,16.197552187890324,1
8.76937417097574,6.783115430461965,1
18.957564011060597,8.588858041810163,2
13.653137551246694,11.992428055777642,1
5.962957256384353,6.380264677112305,1
13.899489706204264,13.081046398806047,1
12.736315913519157,14.543743284556745,1
15.147543178524792,15.111999704859446,1
10.721947514582336,10.752614001553244,1
12.885624193964432,13.15391551447778,2
11.205451806818726,8.83476399367066,2
11.300599862783038,12.993325293709209,1
13.672515838397373,15.378892139796248,1
9.306433813142183,7.058969581179122,1
13.327830761833994,13.94761425301757,1
11.160040702208773,13.005486133648933,1
11.40623148683534,10.114522682905317,1
6.821831453348307,6.509431411532152,1
9.218048261884999,11.782983761512543,1
13.674570197831333,14.882371489974204,1
15.01525734560596,13.427693555399978,1
8.175667635165542,9.300232733982396,1
15.33115364792495,15.168670475648899,1
13.042823898669283,8.935504463181857,2
7.062435963347858,7.847257602193366,1
11.653079457595418,8.783667071231509,2
7.755441615766852,14.607860784634047,2
10.168897550500478,12.860452572279819,1
9.897852558512342,9.827039764772609,1
18.487489687868816,4.5135387626143295,2
4.195093295886504,3.3321548635868936,1
5.584539361199014,19.462535559364646,2
11.428746886671975,8.92868447425189,1
7.598553171952961,9.364206516401724,1
12.401657806011546,10.927437029522526,1
14.182884797877254,13.565359884965513,1
13.171509691778313,12.451951012266582,1
7.097706639740489,7.759830518530968,1
20.155959693592955,4.4464768598199775,2
12.36910730117378,14.530694831113756,1
1.5723212926444443,22.13814619364971,2
2.2304947819752172,20.581580328751137,2
9.452036543976098,14.817713236619174,2
6.5748780422105835,15.311708430435399,2
5.835612404661151,5.934909375377712,1
19.616704878845933,7.782883152593602,2
3.409698184650221,18.8211247915707,2
14.02505778938585,7.431568648733873,2
11.508535125196158,8.922768002964576,1
7.997757799917627,6.557042005268199,1
14.071110057328882,10.481826976849721,2
2.9463485795888964,3.7917829220737422,1
12.610021129224382,12.297884922182732,1
6.999543409864756,5.276968643570465,1
12.806747455770092,15.022534278098956,2
13.056529230452457,10.97412057253596,2
1.764479951687063,21.002023855926364,2
8.557155540033152,9.197169549442531,1
6.4552476296781105,19.133411133929343,2
13.79520082178907,12.86657808958361,2
5.908816639105318,4.847044457538743,1
15.14255915740447,15.701186144782609,1
4.522210966066191,4.9729930693234,1
9.00300897977705,13.671458851432988,2
7.682089240526935,7.835553147093158,1
12.030510416156268,15.189956190582727,2
14.715717893383692,13.845953147431524,1
17.29929661003807,10.147902594099694,2
12.480522138790237,11.484665448101591,2
11.76337099354375,15.216261752686176,2
12.576286106253361,11.370134099434576,1
11.109159118953603,13.364161844444974,2
9.931169382747463,8.400405171073732,1
19.296269281911357,4.121204191525873,2
11.916473353986552,15.767519880531799,2
13.312459944956682,12.162214243013167,1
13.731005697887527,9.030555346578426,2
5.825250495600389,6.6938940939975655,1
11.963311617408996,12.24987936061991,1
7.929531461094011,5.717928757356968,1
11.437026612500446,9.587553460632556,1
10.559388565668787,10.874901170522838,1
3.935696802908339,3.8663764353203876,1
14.481663967693898,15.470906924249787,1
7.233718456806647,17.273726986823444,2
12.076122188661767,8.951864704155458,2
11.757571410831783,12.053170623782961,1
9.343601788800747,14.132429620540444,2
18.588850018074933,6.122535994696026,2
16.626274368549357,15.72299792003917,1
6.3809723383827155,17.78119432464163,2
7.329158927281672,8.91998507080935,1
8.037534108362843,15.242728725556264,2
4.060592786665233,4.266967576600138,1
8.132109712768445,8.86426390920019,1
5.644769870869731,6.040796941539025,1
10.133796714278649,17.064268065480857,2
20.045656900852368,6.515662043529611,2
7.67060903112502,10.03894985493736,1
4.363310773382759,16.272709529849973,2
13.403058020686437,11.60608086357369,1
2.785732149224348,21.60336813967315,2
16.02915016995187,15.913495777212418,1
12.101105417664606,11.051788656659564,1
11.347179602645326,10.007353844822115,1
12.372227875080391,14.604412813571324,1
14.228212308028525,7.60568727504992,2
8.02910375879052,9.352860204670508,1
10.670631972998583,9.325479122172533,1
11.914593301601375,10.62734853736444,2
8.134010351072277,10.833692953528095,1
9.193280722833503,10.595613482875441,1
15.930246591760431,11.837648813639525,2
6.292112546969298,17.3739252001693,2
10.996844900309451,10.081787410395322,2
11.678152141646333,10.558840311004966,2
17.136545710821416,16.410657511901316,1
14.112277091310062,14.308023119714083,1
11.231782490091534,12.494523449546044,2
11.228091495355589,13.300108825291915,1
7.743581398512433,6.720650146003118,1
18.35626230213403,8.026427008209065,2
7.600233745040679,6.286187140987508,1
6.574405617697756,15.786718378202659,2
2.7147853834012743,19.492480406255872,2
15.89725702837347,16.950607331912607,1
15.781587692929364,14.3245083126535,1
7.4600703198612175,8.102209051352066,1
14.44860658208055,8.420687279617391,2
18.677541353161594,6.661160538277285,2
12.569457015054718,14.27585494484326,2
12.958251124781597,12.66185357724945,1
20.07113143574965,5.465523968568256,2
1.6414618041407074,21.914659175404914,2
11.844271836614991,10.459895407032453,1
22.11440617901332,2.76170662749694,2
8.570818349974234,7.119183617855346,1
12.79021141032107,11.758373934672242,1
11.40521666972506,13.043094412814408,1
14.642326551906702,5.548944577644239,2
7.449378385241609,6.6320924870540665,1
19.330372192163292,4.964397883296592,2
11.69463704967629,14.198379932596923,2
15.849481906260786,13.841181897078556,1
5.725468949563718,6.121881907160886,1
14.162984664301744,7.2125912056811465,2
13.650801731513338,13.479462603590173,2
10.180817335672737,8.998404114902359,1
6.739432507752358,6.788792288134797,1
9.044385447034198,7.90353048843046,1
7.4925902169591,16.861054409588775,2
8.95459460777495,15.73381852123622,2
5.455782216342447,7.652025421400067,1
16.918840438757393,16.958521039187566,1
18.28053211240077,5.421610168213824,2
7.6438387460995125,9.729160385479043,1
9.77396422578166,10.955877849083532,2
9.135359710121314,10.17049303790788,1
6.761336131670909,15.984853781111244,2
2.464696201808902,20.207770036440323,2
12.908437701369037,7.886148347602816,2
6.398264219182067,15.006602751855137,2
5.132164109354518,4.697116062722295,1
13.845555102550986,13.916180008692947,2
8.100442813411528,19.35305159334038,2
19.607408564997282,2.7851737223284587,2
4.779223144669586,3.948447780488591,1
10.451483619933107,14.42224631326059,2
5.519547559134027,4.10886507120289,1
3.8043440792549017,5.6398776889512865,1
8.209545161578365,16.3373976793435,2
4.524098785531579,17.50365828819011,2
14.345736536135998,15.637740974312111,1
11.897162021016758,15.888406569763738,2
21.184685780954013,4.349467171278402,2
10.715910433122643,12.27582056121711,1
17.554602783693067,3.601917087537954,2
7.8220858212689075,6.703401588072223,1
17.470784355680827,4.899278399764289,2
14.218841550132556,12.137346976873303,1
14.591349116921437,13.337250654831015,1
6.954142825375244,5.416846644497367,1
13.488167529283404,8.602512125318924,2
17.842946903865887,6.76102184515329,2
11.072250805006393,12.210635188490059,1
14.502428675278031,13.332317553863444,1
7.227228826152933,7.261229885895608,1
9.020304045490594,13.680770894693723,2
14.993733857769659,12.760737212724344,1
10.973879256430992,8.888827837481458,2
8.5004702140306,11.150426419546443,1
19.10148181892492,8.451480798731936,2
9.083869141002234,8.451306861515189,1
8.142548599786378,15.168059819477135,2
4.439119724164761,3.903168851197453,1
5.433820000573813,7.623803512255556,1
11.982837878236369,14.354143197630512,1
11.523313900475939,10.928123866849655,1
7.504770829375742,12.980645890551672,2
14.57033385520104,13.047973979994957,2
